t,ip,ne,te,ti,we,wi,nbi,ech,pOhm,pLoss,pRad,tauE,pressure,beta,energyError,particleError
0,0.4,3,0.5,0.5,0.08330901286122848,0.08330901286122848,0,0,0.0596485435172643,1.4174683278782707,0.007859832534904585,0.11754620716771723,4806.529901999999,0.30200318058765735,0,0
0.02,0.41600000000000004,3.0272534443744012,0.42477556394380744,0.4185233399039945,0.07141822242967355,0.07036702559761053,0,0,0.08239146802260486,1.1714225604682669,0.007376716750446002,0.12103680841745658,4090.1639024388865,0.25699257735760334,8.73369802893153e-17,9.452781062902003e-17
0.04,0.43200000000000005,3.054168130578356,0.3659446539028998,0.35261431561433776,0.06207390646117414,0.05981272799280507,0,0,0.11111667843688176,0.9790311248570357,0.00696914285551963,0.12449720071134394,3516.136688194071,0.2209253837729608,4.366849014465765e-17,-5.3171893478823765e-17
0.06,0.448,3.0807482693492836,0.3207701688054897,0.2991641426170367,0.054884652054237384,0.05118780195734743,0,0,0.14561292855723015,0.829152450289697,0.006638885736587734,0.12792877108971243,3059.935560840614,0.19226142156790074,2.620109408679459e-16,-9.452781062902003e-17
0.08,0.464,3.1069980190854682,0.2870623893194764,0.2557971075541179,0.049535665397598384,0.04414050882636672,0,0,0.18450425474899185,0.7132733346287483,0.006387867241334667,0.13133278601074105,2702.332659147357,0.16979256859066216,2.620109408679459e-16,-3.544792898588251e-16
0.1,0.48000000000000004,3.132921486496632,0.26292089219586645,0.22067559280205162,0.045748339781490024,0.0383976408899038,0,0,0.22525772634955754,0.6246435103268839,0.006215804584392014,0.13471040566379883,2427.409462310393,0.15251863468097362,3.493479211572612e-16,-4.608230768164726e-16
0.12,0.496,3.1585227272464174,0.2465721611317627,0.1923515707801082,0.04325424912973134,0.03374274989045464,0,0,0.26483913332730596,0.5576958957693189,0.006118230215844161,0.13806269618314432,2221.1785102487124,0.13956076180217752,5.240218817358918e-16,-4.371911241592176e-16
0.14,0.512,3.183805746586885,0.23633499819694828,0.16965617301337196,0.04179028486931093,0.029999703193166197,0,0,0.3007341377047131,0.5077421532205807,0.006086153838768879,0.1413906401253415,2070.968748971389,0.1301228041516512,4.366849014465765e-16,-7.207745560462777e-16
0.16,0.528,3.208774499985131,0.23068652966301648,0.15162342290508093,0.041111390198158064,0.027021299038729532,0,0,0.331641872754799,0.47087059486771116,0.0061076662108946215,0.14469514550176818,1965.464461007807,0.12349377423187899,4.366849014465765e-16,-5.671668637741201e-16
0.18,0.544,3.2334328937421017,0.22834911173484473,0.1374426208568942,0.04100755802483451,0.024682321761860266,0,0,0.35746512455636065,0.4439193657927563,0.006170397589701754,0.1479770536015815,1894.9952748778605,0.11906606468287316,5.240218817358918e-16,-7.089585797176502e-16
0.2,0.56,3.2577847856037345,0.2283317723777434,0.1264304641037223,0.041313260168827366,0.02287572422528002,0,0,0.3788448604402891,0.424426049936516,0.006263451756075634,0.15123714579656108,1851.698047264192,0.11634561963903503,6.986958423145224e-16,-6.616946744031401e-16
0.22,0.5760000000000001,3.2818339853644836,0.22991370002876008,0.11801356569609843,0.04190657697984546,0.021510438807652424,0,0,0.3966729247688998,0.41052949597152905,0.006378248311456121,0.1544761494845086,1829.4286068781046,0.11494638943270527,8.73369802893153e-16,-9.689100589474552e-16
0.24,0.592,3.3055842554633634,0.23259357478611214,0.11171491516402565,0.04270184838666724,0.02050973838916402,0,0,0.4117956083034822,0.40084777369839475,0.006508502868713046,0.15769474330021555,1823.5024732378063,0.11457403947453422,6.986958423145224e-16,-9.216461536329453e-16
0.26,0.608,3.3290393115725614,0.23603176276554497,0.1071413454860908,0.04364053870351174,0.01980964756458028,0,0,0.42489962837859346,0.39436125098698877,0.00664980413165402,0.1608935617008311,1830.3854955829615,0.11500651252321491,8.73369802893153e-16,-1.0161739642619652e-15
0.28,0.624,3.352202823178756,0.24000062560418442,0.10397137266880972,0.044683109771991504,0.01935730061706999,0,0,0.4365012444382578,0.3903160953384995,0.006799117446512703,0.16407319901456485,1847.4120440252475,0.11607632211326044,1.0480437634717836e-15,-1.0634378695764753e-15
0.3,0.64,3.3750784141571932,0.24434739014981396,0.10194369967460419,0.04580282885450278,0.019109309193471986,0,0,0.4469750260488897,0.38815106593914117,0.006954363198014248,0.16723421302713218,1872.5592934948008,0.1176563703970912,1.2227177240504141e-15,-1.0161739642619652e-15
0.32,0.656,3.3976696633386347,0.24896848186023826,0.10084680044706214,0.046981432333422155,0.01903022862912212,0,0,0.4565895731751751,0.38744438101611034,0.007114105017161496,0.170377128168493,1904.277889030291,0.11964930853142083,1.0480437634717836e-15,-8.980142009756902e-16
0.34,0.672,3.419980105069257,0.25379253748802344,0.10050983494163933,0.04820622872644606,0.01909118424210031,0,0,0.46553800555578456,0.387875891586856,0.00727733495220283,0.1735024383526983,1941.3687466167319,0.121979795845599,8.73369802893153e-16,-1.0398059169192203e-15
0.36,0.688,3.442013229763593,0.2587694090656143,0.10079495364273114,0.0494682103393894,0.019268683983752217,0,0,0.4739607116342579,0.3892002553620983,0.007443330770093124,0.17661060951563667,1982.8943267226844,0.1245889249935373,1.0480437634717836e-15,-9.452781062902001e-16
0.38,0.704,3.463772484450595,0.26386310322733436,0.10159091545946163,0.05076083449131701,0.019543617816910816,0,0,0.48196132219646454,0.3912278119945656,0.0076115627141726235,0.17970208188881112,2028.1146100369658,0.12743019919060522,8.73369802893153e-16,-8.034863903466702e-16
0.4,0.72,3.4852612733129185,0.2690472388858718,0.1028078722613658,0.05207923659572437,0.019900429105217013,0,0,0.4896176343393583,0.39381081081296904,0.00778163277820953,0.18277727204174285,2076.4404933223736,0.1304666039887587,1.0480437634717836e-15,-7.089585797176502e-16
0.42,0.736,3.506482958219496,0.27430209821132034,0.10437314893886769,0.05341971806787371,0.020326436533034155,0,0,0.4969890288518852,0.3968333720724272,0.007953234928566384,0.18583657472095935,2127.399455790116,0.13366845003122307,1.0480437634717836e-15,-5.671668637741201e-16
0.44,0.752,3.527440859251492,0.2796126841660932,0.10622785084080025,0.05477940858283659,0.020811283513262245,0,0,0.5041215301832416,0.4002040778158419,0.008126128728482139,0.18888036450963572,2180.6099327931493,0.1370117629041578,8.73369802893153e-16,-6.616946744031401e-16
0.46,0.768,3.5481382552217258,0.28496741754958754,0.10832414694199201,0.05615603941330741,0.02134649328472399,0,0,0.5110513001226822,0.4038504383684291,0.008300121555169885,0.19190899732867578,2235.7619427944774,0.1404770658931755,1.2227177240504141e-15,-6.616946744031401e-16
0.48,0.784,3.568578384187629,0.29035724487486336,0.11062309859879414,0.05754778823294296,0.021925110408658854,0,0,0.5178070899329803,0.4077147149111942,0.00847505637429601,0.19492281179724427,2292.602268351025,0.14404844887709753,1.346465875138039e-15,-7.089585797176502e-16
0.5,0.8,3.5887644439578352,0.29577501419880525,0.11309292558796942,0.058953170548196314,0.022541412255670402,0,0,0.524411993556413,0.4117507355594963,0.0086508031575187,0.197922130468401,2350.9230012740795,0.14771284859915834,1.2699693269104974e-15,-3.781112425160801e-16
0.52,0.8160000000000001,3.608699592592468,0.30121502891213764,0.11570762105395153,0.06037096208165359,0.023190676867733708,0,0,0.5308847249816577,0.41592144829815547,0.008827252729021228,0.20090726095348108,2410.552606951363,0.15145948722180255,1.2008862733519358e-15,-9.452781062902003e-17
0.54,0.8320000000000001,3.628386948897211,0.3066727221143269,0.11844584416270358,0.06180014210347527,0.023868996076189326,0,0,0.5372405658814056,0.42019702647638574,0.009004312263021098,0.20387849694714355,2471.3488984981336,0.1552794308795793,8.536624174613489e-16,0
0.56,0.8480000000000001,3.6478295929112377,0.31214441443008545,0.12129003356069085,0.06323985123670021,0.02457312488796907,0,0,0.5434920803473797,0.42455339270429066,0.009181901926594184,0.20683611916353867,2533.19347469586,0.15916524020452233,1.0811297049175277e-15,-3.781112425160801e-16
0.58,0.8639999999999999,3.6670305663890805,0.3176271307923613,0.12422569639282911,0.06468935947550966,0.02530035992203884,0,0,0.5496496619104931,0.4289710622667227,0.009359952333587634,0.20978039619277467,2595.9872905792586,0.1631106920179254,7.716980939663835e-16,-4.253751478305901e-16
0.6,0.8799999999999999,3.6859928732765,0.32311845974957953,0.1272408370034308,0.06614804155957624,0.026048441121876077,0,0,0.555721957541034,0.43343423235546724,0.00953840258453509,0.21271158528577022,2659.647111686416,0.16711055654430715,7.357756097987688e-16,-1.8905562125804005e-16
0.62,0.8959999999999999,3.704719480180446,0.3286164440262348,0.13032549691145315,0.0676153577508366,0.026815472134498405,0,0,0.5617161998723273,0.43793006165174303,0.009717198737964755,0.21562993307463243,2724.102662641037,0.17116041825154957,7.0270717486286e-16,-9.452781062902003e-17
0.64,0.912,3.723213316833179,0.33411949445249506,0.13347138356985241,0.06909083864950523,0.02759985567936392,0,0,0.5676384699156802,0.4424480981537684,0.009896292604756328,0.2185356762348773,2789.2943246788946,0.1752565311822184,6.721746941964602e-16,0
0.66,0.928,3.741477276550617,0.33962632163757617,0.1366715700949292,0.07057407307906129,0.0284002409742626,0,0,0.5734939064342973,0.44697982304786466,0.010075640788125928,0.22142904209509534,2855.17126952202,0.17939570170142044,8.585401147649901e-16,-1.8905562125804005e-16
0.68,0.9440000000000001,3.759514216684989,0.3451358812979355,0.1399202518401944,0.07206469833633251,0.02921548087694468,0,0,0.5792868739174981,0.45151828583368203,0.010255203912882718,0.22431024919904133,2921.689941755944,0.1835751931417533,1.0294377655968396e-15,-1.8905562125804005e-16
0.7000000000000001,0.9600000000000001,3.7773269590718597,0.35064733021655375,0.14321254859770266,0.07356239228690294,0.030044596871292538,0,0,0.5850210981115921,0.4560578115091088,0.01043494600222722,0.22717950782458232,2988.812820736338,0.18779264801160536,9.887382966795834e-16,-2.8358343188706004e-16
0.72,0.976,3.7949182904716,0.35615999056235714,0.1465443435038441,0.07506686691575355,0.030886750400262966,0,0,0.5906997759163702,0.46059376487554043,0.010614833970712056,0.23003702046345942,3056.507407564717,0.192046024344962,1.3310917363830376e-15,-4.726390531451001e-16
0.74,0.992,3.8122909630053714,0.3616733208405655,0.149912151537738,0.0765778630360922,0.03174121934463461,0,0,0.596325664884596,0.46512236028170756,0.010794837209443287,0.23288298226540197,3124.7453939192387,0.1963335434775045,1.2814233896705983e-15,-5.671668637741201e-16
0.76,1.008,3.8294476945856815,0.36718689214126377,0.15331301193220787,0.07809514592726535,0.03260737868275567,0,0,0.6019011563937984,0.46964050763271564,0.010974927245065921,0.2357175814497595,3193.5019782991017,0.2006536470849786,1.4113243419309063e-15,-2.8358343188706004e-16
0.78,1.024,3.8463911693416004,0.3727003686482318,0.15674439995114603,0.07961850172305138,0.03348468455465312,0,0,0.6074283356794654,0.47414568743267227,0.011155077458144091,0.2385409996874957,3262.7553021232993,0.2050049617522341,8.50904163806338e-16,0
0.8,1.04,3.863124038038687,0.37821349159223727,0.1602041543865864,0.08114773440958727,0.034372661104038874,0,0,0.6129090312474275,0.47863584913944046,0.011335262849615647,0.24135341245609815,3332.4859835514967,0.2093862696823268,8.21603316419123e-16,-9.452781062902003e-17
0.8200000000000001,1.056,3.8796489184936886,0.38372606600253356,0.16369041784384394,0.08268266332113353,0.0352708895918185,0,0,0.6183448556658986,0.4831093282896013,0.01151545984634519,0.24415498936970315,3402.6767311937324,0.21379648442518323,9.528199193030737e-16,-1.8905562125804005e-16
0.84,1.072,3.8959683959841014,0.3892379497411115,0.16720158745266925,0.08422312104422672,0.03617899937089728,0,0,0.623737239335374,0.48756477877667764,0.011695646138610771,0.24694589448650994,3473.3120232950764,0.21823463072017826,1.0752037066340403e-15,-9.452781062902003e-17
0.86,1.088,3.9120850236526206,0.39474904440611663,0.17073627409706987,0.08576895165818961,0.037096660389291346,0,0,0.629087458519406,0.49200111739364283,0.01187580054377047,0.24972628659535748,3544.377840711341,0.22269982771850408,1.0408090633401663e-15,-3.781112425160801e-16
0.88,1.104,3.928001322906583,0.40025928777086617,0.1742932686202313,0.08732000925367546,0.038023576950660117,0,0,0.6343966586705987,0.49641747832564664,0.012055902891465537,0.2524963194831568,3615.8614441789787,0.2271912749886252,1.1523206612314888e-15,-7.562224850321602e-16
0.9,1.12,3.943719783812427,0.40576864748818514,0.17787151375264926,0.08887615668178764,0.038959482511441455,0,0,0.6396658738889132,0.500813175734364,0.012235933926594661,0.25525614218471426,3687.751188140042,0.23170824081855576,1.8153116313334727e-15,-9.452781062902001e-16
0.92,1.1360000000000001,3.9592428654852636,0.4112771158401752,0.18147008074596707,0.09043726449499066,0.03990413533421103,0,0,0.6448960431920409,0.5051876729373167,0.012415875226994725,0.2580058992163381,3760.0363647998533,0.23625005241771385,1.8965301502712546e-15,-1.0398059169192203e-15
0.9400000000000001,1.1520000000000001,3.974572996473594,0.4167847053538755,0.18508814988376376,0.09200321004799389,0.040857314849622635,0,0,0.6500880241515926,0.5095405569739943,0.012595709133323765,0.2607457307944918,3832.7070732403854,0.24081608769307267,1.841065885671576e-15,-1.2084652482269503e-15
0.96,1.168,3.9897125751392544,0.42229144513572836,0.18872499419286845,0.09357387673241313,0.041818818605839525,0,0,0.6552426043475077,0.5138715175811099,0.012775418689093966,0.2634757730406456,3905.754109340499,0.24540576833264516,1.9160863560525773e-15,-1.0012444444444444e-15
0.98,1.184,4.004663970032631,0.42779737780399657,0.19237996580198266,0.09514915332357671,0.042788459705949806,0,0,0.6603605110112816,0.5181803297840537,0.012954987589167346,0.26619615817337294,3979.1688730084616,0.25001855397673123,2.1106504308268596e-15,-7.133170068027211e-16
1,1.2,4.0194295202632135,0.4333025569195557,0.19605248449424556,0.09672893342155726,0.04376606465143822,4,1,0.6654424191623833,1.1696575577000397,0.013134400135323564,0.12011635127571726,4052.9432898463897,0.2546539372959493,2.1733686258648648e-15,-7.86432e-16
1.02,1.2,4.055496710335975,0.5573476719939093,0.35224937792836136,0.12553677695605492,0.07934051546623314,4,1,0.45615041300621545,1.7026123041773669,0.01516481036622381,0.12033114756637238,5910.217865075806,0.3713499405207461,1.619191897349253e-15,-5.106746349094024e-16
1.04,1.2,4.091115588072345,0.6502839929653644,0.4793085227269485,0.14775614210480117,0.10890746037455884,4,1,0.3619451519807787,2.129250156633293,0.016669432435169138,0.12054177931126181,7404.128543252873,0.4652151167543545,1.9246453628151585e-15,-4.1479194322532504e-16
1.06,1.2,4.12629172595941,0.7232219730903416,0.5822106899645324,0.16574188391721978,0.1334261128421385,4,1,0.3085957501439927,2.477615445780717,0.01788304402008792,0.1207483579700917,8630.278242166716,0.5422563744805359,1.6982130507960436e-15,-3.2364271020094913e-16
1.08,1.2,4.1610306272186826,0.7815933833601342,0.665333586885404,0.18062693643310437,0.15375919252093417,4,1,0.2746793736033718,2.764641503150544,0.018905059266480496,0.12095099077872379,9646.236778179451,0.6060909319423249,1.9358491182351725e-15,0
1.1,1.2,4.195337726667064,0.8287083374460684,0.7323396442337847,0.1930942605196362,0.17063974822352865,4,1,0.25159082386905846,3.0023497017491336,0.019788846982352674,0.12114978096364248,10492.852629946348,0.6592853747487958,2.0046028898912048e-15,1.5420851469654502e-16
1.12,1.2,4.229218391567106,0.8668447202924056,0.7862368521980039,0.2036114280784046,0.18467760665359342,4,1,0.2351718832733081,3.1998812089059228,0.020567270491318315,0.12134482794277185,11201.206159811793,0.7037925396601894,1.8332049865069702e-15,3.0132905873618703e-16
1.1400000000000001,1.2,4.262677922466711,0.8976897443063742,0.8294758399141354,0.21252474937071203,0.19637535808434964,4,1,0.22315568963093385,3.364429815044486,0.021262481677168255,0.12153622751368198,11795.786109526978,0.7411510997001297,1.583668292350956e-15,4.4183933606680467e-16
1.16,1.2,4.295721554028391,0.9225517433998028,0.8640461621870128,0.22010382316900706,0.2061454710290997,4,1,0.21419595185834212,3.501766635711901,0.02189038470668106,0.12172407203013151,12296.268482272972,0.7725973346095297,1.2728047535370293e-15,5.761750664410498e-16
1.18,1.2,4.328354455848206,0.942474905001182,0.8915611326793742,0.22656527274789198,0.2143259095017162,4,1,0.20744007786841412,3.6165760469932797,0.02246292546706323,0.12190845056781063,12718.651789457921,0.7991364605065537,1.186749860451716e-15,7.047344986093542e-16
1.2,1.2,4.360581733264555,0.9583078266510205,0.913329092046298,0.23208666916808193,0.2211935465121958,4,1,0.20232046147161772,3.7126895001629587,0.022989374823333856,0.12208944908007584,13076.045651155591,0.8215921791135035,1.1972069232152012e-15,9.65862745841315e-16
1.22,1.2,4.39240842815687,0.970748007536893,0.9304119270908046,0.23681540682487,0.22697536056528692,4,1,0.1984438288316446,3.793257349378896,0.023477100959189177,0.12226715054439888,13379.249826460153,0.8406430593069947,1.2869285278000893e-15,9.45953280171152e-16
1.24,1.2,4.423839519734428,0.9803727825791344,0.9436725570514397,0.2408747845296762,0.23185764424053273,4,1,0.1955286901781336,3.8608797439153375,0.0239320627087024,0.12244163510019315,13637.195283504336,0.856850250364532,9.110972193394963e-16,9.268480303606826e-16
1.26,1.2,4.454879925315321,0.9876620537021491,0.9538132318409568,0.2443684310924068,0.2359935183765231,4,1,0.19336808980730916,3.9177087839242484,0.02435914109453244,0.12261298017862525,13857.288633052334,0.8706791233654113,1.0065626287666275e-15,1.0382848380120604e-15
1.28,1.2,4.485534501095765,0.9930157146928884,0.9614063306687833,0.24738368375552575,0.23950903912964028,4,1,0.19180643682656628,3.965529596347446,0.024762372070079763,0.12278126062496954,14045.685762187772,0.8825164641023973,9.558800621824185e-16,1.1453950730096252e-15
1.3,1.2,4.515808042909842,0.996767426202154,0.966919106102151,0.24999426119012233,0.24250815306197293,4,1,0.1907245522540396,4.0058254501889365,0.02514511610446483,0.12294654881401938,14207.511886217417,0.8926842993506061,7.800603088481716e-16,1.123583317283249e-15
1.32,1.2,4.545705286979787,0.9991957424716553,0.9707335691583633,0.2522624328811824,0.24507671662969369,4,1,0.19002970637321692,4.039830506867586,0.025510185686478986,0.1231089147590264,14347.0400828131,0.9014511144984788,6.2032783896343e-16,1.1025867601594756e-15
1.34,1.2,4.57523091065697,1.0005332305542696,0.9731624863231222,0.2542408105700229,0.24728575901678596,4,1,0.1896487932240101,4.068572829133714,0.025859943715724323,0.12326842621460325,14467.837095740935,0.9090410146662723,3.5592474249393776e-16,1.2026228208983563e-15
1.36,1.2,4.6043895331536495,1.0009740156030658,0.9744622685699706,0.2559738444678377,0.24919413419980288,4,1,0.18952353750142079,4.092909619195012,0.026196381056271666,0.12342514877399036,14572.883002728135,0.9156412436598855,4.546891125632099e-16,1.1809589144617935e-15
1.3800000000000001,1.2,4.63318571626564,1.0006800614756202,0.9748433754032967,0.25749908181393316,0.25085068019501056,4,1,0.18960705368115963,4.113556199596477,0.02652117871666883,0.12357914596105694,14664.669810940193,0.9214083789073947,3.2730764257132547e-16,1.276067868989675e-15
1.4000000000000001,1.2,4.661623965085993,0.9997864176313307,0.9744787299872099,0.2588482300124349,0.2522959804150576,4,1,0.18986132654008955,4.131109919297809,0.026835758381995378,0.12373047931737798,14745.282936831656,0.9264734509890653,5.244293895656888e-16,1.2538803005811125e-15
1.42,1.2,4.689708728709804,0.9984056114357238,0.9735105398697043,0.2600480567651565,0.25356380336190965,4,1,0.19025533321721086,4.146069920930184,0.027141323917039238,0.12387920848470294,14816.46870450135,0.9309461846840905,1.0098273759651876e-16,1.3444921269287502e-15
1.44,1.2,4.717444400930272,0.9966313287879068,0.9720558370792767,0.2611211529974265,0.2546822818270402,4,1,0.19076362087016357,4.158853517720868,0.027438895735039246,0.12402539128310945,14879.690371363911,0.934918519167353,9.735930735276171e-17,1.4320588296521623e-15
1.46,1.2,4.744835320926086,0.9945414994612163,0.970210987402711,0.2620865796589295,0.2556748807099983,4,1,0.19136521381134047,4.169809783447951,0.027729339438817717,0.12416908378511188,14936.174706042133,0.9384675345847132,3.7594592317814193e-16,1.516731374825016e-15
1.48,1.2,4.771885773940292,0.9922008832721821,0.968055368038186,0.2629604159484324,0.2565611929319386,4,1,0.19204276295377026,4.179230844894196,0.02801338980414016,0.12431034038597681,14986.950763527682,0.9416578883682103,7.267125456478814e-16,1.5986509116230863e-15
1.5,1.2,4.798599991950694,0.9896632371666451,0.9656543727729291,0.2637562237455881,0.25735759523127044,4,1,0.19278187624852622,4.18736127589536,0.028291670936120585,0.1244492138704778,15032.882201052826,0.9445438457021664,1.7579031399801704e-16,1.5730777101712743e-15
1.52,1.2,4.824982154331951,0.9869731303245193,0.9630618721255313,0.26448544079346903,0.25807778949033133,4,1,0.19357058626459778,4.194405919729572,0.028564713255661928,0.12458575547630638,15074.694236436786,0.9471709733660442,1.7027118777980824e-16,1.5483098023082354e-15
1.54,1.2,4.851036388509422,0.9841674636762043,0.9603222307468987,0.26515771331744487,0.25873325033688777,4,1,0.19439892306410286,4.200536408259166,0.028832967843459744,0.12472001495433996,15112.996155569936,0.949577553921386,0,1.6259303892430476e-15
1.56,1.2,4.87676677060489,0.9812767412936763,0.9574719643932005,0.2657811771995484,0.259333595838107,4,1,0.19525856890048862,4.205896598925878,0.029096818570536316,0.12485204062595398,15148.300117249852,0.9517957672545109,0,1.6011118520931024e-15
1.58,1.2,4.90217732607427,0.9783261336206642,0.9545411028717552,0.26636269549378117,0.25988689495553413,4,1,0.19614257719782838,4.2106071121474775,0.02935659236772404,0.12498187943755207,15181.036874265203,0.9538526783613465,4.668269595381403e-16,1.5770395941336688e-15
1.6,1.2,4.927272030337375,0.9753363661853018,0.951554312656781,0.26690805892617436,0.2603999228977779,4,1,0.19704514252840974,4.214769120123911,0.029612567926012325,0.12510957701247696,15211.568923652738,0.9557710636024449,0,1.6507854820137929e-15
1.62,1.2,4.952054809399859,0.9723244621006628,0.9485318227029308,0.2674221550438166,0.26087837346685655,4,1,0.19796141140631937,4.218467512173808,0.02986498307112191,0.12523517770045264,15240.20151192264,0.9575701021816846,1.4715677521910643e-16,1.6266909053733979e-15
1.6400000000000001,1.2,4.976529540467439,0.9693043621485875,0.9454901888230661,0.26790911083604013,0.2613270358448644,4,1,0.19888732600156114,4.22177354041642,0.03011404101621328,0.1253587246246995,15267.19184920801,0.9592659550883571,-1.432646769667821e-16,1.697600721981253e-15
1.6600000000000001,1.2,5.0007000525524665,0.9662874424330716,0.9424429254290281,0.268372412929385,0.2617499419311094,4,1,0.19981949458738707,4.2247470320389,0.030359915664232583,0.12548025972685345,15292.75682692351,0.9608722500119613,-2.7914475594023756e-16,1.7664992760601442e-15
1.68,1.2,5.0245701270729715,0.9632829463749291,0.9394010281351564,0.2688150088396704,0.26215048925392237,4,1,0.20075508382502533,4.227438239862488,0.03060275610456422,0.12559982380981255,15317.079484354987,0.9624004876500114,-1.3606487463180358e-16,1.7417973941523154e-15
1.7,1.2,5.048143498444256,0.9602983451095819,0.9363734064380502,0.26923939223558174,0.2625315435966656,4,1,0.2016917289778885,4.229889390895119,0.030842690426285305,0.12571745657862587,15340.31442882307,0.9638603822669614,-2.654572617598085e-16,1.8985954367651865e-15
1.72,1.2,5.0714238546631325,0.9573396380681533,0.9333672422104788,0.2696476747165293,0.2628955247549439,4,1,0.20262745891138356,4.232135982587618,0.03107982895156781,0.12583319667953224,15362.592380191603,0.9652601472340896,-3.8865420813045773e-16,1.9619481443275093e-15
1.74,1.2,5.094414837884904,0.9544116036031923,0.9303882869225482,0.27004164622254406,0.26324447825049185,4,1,0.20356063333147825,4.23420786823451,0.031314266976997185,0.1259470817372493,15384.023982321514,0.9666067345102094,-2.5304417472287405e-16,2.0236003988678666e-15
1.76,1.2,5.11712004499317,0.9515180079085298,0.9274411082022567,0.2704228258663902,0.2635801353418216,4,1,0.20448989018620595,4.2361301660832,0.031546087097260596,0.12605914839060772,15404.703000618216,0.9679060355494967,-3.708917795239271e-16,1.9968022667951453e-15
1.78,1.2,5.139543028162546,0.9486617791303184,0.9245292944694141,0.27079250469977323,0.2639039632725578,4,1,0.20541410152917544,4.2379240209954165,0.031775361174395854,0.1261694323266182,15424.709005277822,0.9691630498948227,-4.834709075750622e-16,1.799339003443886e-15
1.8,1.2,5.161687295414404,0.9458451524326147,0.9216556248408346,0.27115178168946585,0.26421720736948495,4,1,0.20633233644491217,4.239607242743404,0.03200215200624977,0.12627796831305516,15444.109623539547,0.9703820266909454,-5.911254786843934e-16,2.0298577625004763e-15
1.82,1.2,5.183556311165678,0.9430697908314276,0.9188222102462155,0.27150159397919604,0.2645209263308132,4,1,0.20724382987885684,4.2411948410571245,0.03222651473970073,0.12638479022963367,15462.962430650205,0.9715665834973132,-5.784751101158609e-16,2.338004547629812e-15
1.84,1.2,5.205153496770874,0.9403368858165951,0.9160306106611942,0.27184274234395583,0.26481602182062663,4,1,0.2081479564124523,4.242699474232607,0.03244849806733059,0.1264899310978537,15481.316537888662,0.9727198060665839,-4.530818740566085e-16,2.391050411925713e-15
1.86,1.2,5.226482231057337,0.9376472411164722,0.9132819325150978,0.2721759126004024,0.2651032632995064,4,1,0.20904420818529904,4.244131825354283,0.032668145240395824,0.12659342310958002,15499.213926508339,0.9738443321587043,-5.547248646499848e-16,2.8499083376188874e-15
1.8800000000000001,1.2,5.247545850853844,0.9350013424051086,0.9105769096319914,0.27250169361628696,0.26538330886705114,4,1,0.2099321762991023,4.245500917883247,0.032885494925990646,0.12669529765442164,15516.690568522628,0.9749424219619345,-6.522755421000856e-16,2.9757996372506277e-15
1.9000000000000001,1.2,5.268347651512657,0.9323994152877372,0.9079159704875654,0.2728205924599955,0.265656722763892,4,1,0.21081153514765968,4.2468143804424,0.03310058193208423,0.1267955853459725,15533.777368623889,0.976016017275364,-3.1970352722989906e-16,2.8602826133823637e-15
1.92,1.2,5.2888908874250715,0.9298414735131423,0.9052992940890114,0.2731330471454201,0.2659239900742443,4,1,0.21168202920780455,4.248078669025125,0.033313437820534614,0.12689431604696963,15550.500955975655,0.9770667912586836,0,2.9830347886986897e-15
1.94,1.2,5.309178772530552,0.927327359038183,0.9027268563922433,0.27343943735503806,0.2661855290813365,4,1,0.2125434619015514,4.249299253513544,0.0335240914251421,0.12699151889342328,15566.884349972199,0.9780961902630918,1.0252140532492803e-16,2.9477379238302357e-15
1.96,1.2,5.32921448081955,0.9248567753000208,0.9001984688459745,0.27374009346316314,0.2664417016541349,4,1,0.213395686202403,4.250480774271929,0.0337325692892222,0.12708722231776864,15582.94752016969,0.9791054690128077,0,3.29659114539301e-15
1.98,1.2,5.3490011468300604,0.9224293148265819,0.8977138103832653,0.2740353041300642,0.2666928219821226,4,1,0.21423859671111975,4.251627173643934,0.03393889603498397,0.12718145407108827,15598.707857335708,0.980095720201985,3.9507832400411143e-16,3.4858221017061447e-15
2,1.2,5.368541866138024,0.9200444821280703,0.8952724539583157,0.27432532269451465,0.2669391639234221,4,1,0.2150721229700252,4.25274180639866,0.03414309467513675,0.12727424124444897,15614.180569834614,0.9810678994003385,5.819656994398787e-16,3.2961642853831445e-15
2.02,1.2,5.38783969584161,0.9177017126558207,0.8928738885415658,0.27461037255605336,0.2671809671885505,4,1,0.2158962238215659,4.253827532514951,0.03434518687556586,0.12736561028939639,15629.379017279345,0.9820228460171051,5.716881250152389e-16,3.555190747957455e-15
2.04,1.2,5.4068976550395025,0.9154003884842284,0.8905175373328162,0.2748906517077385,0.2674184425461448,4,1,0.2167108826475839,4.254886795144556,0.03454519317657521,0.1274555870376473,15644.314991463147,0.9829613009525059,5.617654051067501e-16,3.515473600213584e-15
2.06,1.2,5.4257187253032235,0.913139851262641,0.8882027728248066,0.2751663365545279,0.26765177620692765,4,1,0.2175161033515572,4.255921686135519,0.03474313317905433,0.1275441967200171,15658.998952977572,0.9838839214648922,9.202991576496011e-16,3.331774303610549e-15
2.08,1.2,5.444305851143598,0.91091941289331,0.8859289292439037,0.2754375851308648,0.2678811335170149,4,1,0.21831190696774427,4.256934001112429,0.03493902570096032,0.12763146398461872,15673.44023057513,0.984791293697071,5.429135514157661e-16,3.4386433452627104e-15
2.1,1.2,5.462661940471413,0.9087383643158032,0.8836953128066105,0.2757045398129341,0.2681066620705852,4,1,0.21909832879940358,4.257925285788076,0.035132888908683824,0.1277174129143669,15687.647189204434,0.9856839432342644,0,3.401473942230577e-15
2.12,1.2,5.480789865052348,0.9065959827151603,0.8815012101574728,0.2759673296058295,0.26832849433427886,4,1,0.21987541600359223,4.258896874911173,0.035324740427171895,0.12780206704381883,15701.627371697075,0.986562344006559,1.750932106457076e-16,3.5053119774150036e-15
2.14,1.2,5.498692460956266,0.9044915374184072,0.8793458952930815,0.2762260720730794,0.2685467498608905,4,1,0.22064322555297414,4.259849925028559,0.035514597432090476,0.12788544937538324,15715.387618289535,0.9874269257986881,1.7229438192599363e-16,3.606952678474988e-15
2.16,1.2,5.516372529000905,0.9024242947001612,0.8772286352261933,0.2764808749652313,0.2687615371575062,4,1,0.22140182251593862,4.260785442050848,0.03570247672680688,0.1279675823949247,15728.934167495187,0.9882780805880075,3.391663024064912e-16,3.4319120948201754e-15
2.18,1.2,5.533832835190055,0.9003935216814088,0.8751486946017801,0.27673183759516073,0.2689729552628314,4,1,0.22215127860550754,4.261704304451544,0.035888394806549186,0.12804848808679162,15742.272741280784,0.9891161678962914,3.339109499675743e-16,3.396352933725209e-15
2.2,1.2,5.551076111146298,0.8983984894750052,0.8731053394416479,0.27697905200018097,0.2691810950797152,4,1,0.22289167095523138,4.262607282796374,0.036072367911738235,0.12812818794829298,15755.408617030684,0.9899415193113785,1.6440755481719836e-16,3.4959840198563927e-15
2.22,1.2,5.568105054538364,0.8964384757059507,0.871097840164953,0.2772226039246544,0.2693860405015497,4,1,0.22362308108679546,4.263495056187877,0.0362544120721832,0.12820670300364878,15768.346688386704,0.9907544423098523,1.6193581900805616e-16,3.460496386536438e-15
2.24,1.2,5.584922329503168,0.8945127665132326,0.8691254740074923,0.2774625736514423,0.26958786936506085,4,1,0.22434559403955298,4.264368226116566,0.03643454314357183,0.12828405381743638,15781.091516719216,0.9915552234910661,3.190738118839922e-16,3.425721981152219e-15
2.2600000000000002,1.2,5.6015305670626185,0.8926206581222808,0.8671875269422732,0.2776990367060286,0.2697866542568441,4,1,0.22505929763684,4.265227328131234,0.03661277683746845,0.12836026050755614,15793.647374705995,0.9923441313152817,-1.5720764886217863e-16,3.522087189709239e-15
2.2800000000000002,1.2,5.617932365535228,0.8907614580622848,0.8652832951868538,0.27793206445336766,0.2699824631966499,4,1,0.22576428186783484,4.266072841675175,0.03678912874584512,0.12843534275773544,15806.01828326105,0.9931214184239775,0,3.4873911785003674e-15
2.3000000000000003,1.2,5.634130290942609,0.8889344860902482,0.8634120863687542,0.27816172460432076,0.27017536021677596,4,1,0.22646063836703656,4.266905198379465,0.03696361436101512,0.12850931982959232,15818.20804285813,0.9938873236079617,-1.5274632758829946e-16,3.581274748066111e-15
2.32,1.2,5.650126877410933,0.887139074873361,0.8615732204084005,0.27838808164587386,0.2703654058538579,4,1,0.22714845997621308,4.267724789058113,0.03713624909170338,0.12858221057427688,15830.22026012846,0.9946420734785576,0,3.5466773185776187e-15
2.34,1.2,5.665924627567377,0.8853745704726531,0.8597660301691759,0.27861119720708016,0.2705526575667688,4,1,0.22782784037602852,4.268531969610829,0.037307048275876054,0.12865403344370813,15842.058370472729,0.9953858838883564,0,3.763652100138741e-15
2.36,1.2,5.681526012931663,0.8836403326637092,0.857989861915903,0.2788311303707771,0.27073717009217213,4,1,0.22849887377654507,4.269327066006273,0.03747602719085472,0.12872480650142387,15853.725657310191,0.9961189611406743,-2.930146958101067e-16,3.7279819803540044e-15
2.38,1.2,5.696933474302713,0.8819357351242281,0.8562440756161805,0.27904793793954147,0.27091899574744893,4,1,0.22916165465746977,4.270110378491261,0.03764320106116012,0.12879454743305904,15865.225268489576,0.9968415030206802,-2.890776444532097e-16,3.692981641846983e-15
2.4,1.2,5.712149422140518,0.8802601655132077,0.8545280451132551,0.2792616746630063,0.27109818468918545,4,1,0.22981627755043332,4.270882185148137,0.037808585064461414,0.12886327355646834,15876.560230303365,0.9975536996759387,-5.704888277098094e-16,3.658632395262168e-15
2.42,1.2,5.727176236943234,0.8786130254623531,0.8528411581942986,0.27947239343253844,0.2712747851341198,4,1,0.230462836856785,4.2716427449031755,0.037972194335947874,0.12893100183150777,15887.73345947758,0.9982557343697505,-9.85288352414161e-16,3.624916240171647e-15
2.44,1.2,5.742016269619614,0.8769937304968166,0.851182816573941,0.27968014544833136,0.27144884354835686,4,1,0.23110142669539777,4.272392300072497,0.038134043971392015,0.1289977488694885,15898.747773450381,0.998947784126976,-9.725570318767682e-16,3.71154302807492e-15
2.46,1.2,5.756671841856803,0.8754017098994766,0.8495524358095705,0.27988498036316956,0.2716204048097515,4,1,0.23173214077582907,4.273131078518284,0.03829414902912973,0.12906353094231704,15909.605899203683,0.9996300202889427,-8.229846270980703e-16,3.5593144603822455e-15
2.48,1.2,5.771145246483554,0.8738364065305235,0.8479494451620999,0.2800869464064529,0.2717895123475867,4,1,0.2323550722929056,4.273859295476537,0.038452524531149,0.12912836399133376,15920.310480870372,1.000302608991419,-9.48051334064113e-16,3.644975871635941e-15
2.5,1.2,5.7854387478289375,0.8722972766121008,0.8463732874135732,0.28028609049150377,0.27195620826302763,4,1,0.2329703138394068,4.2745771551078935,0.038609185463447444,0.1291922636358619,15930.86408630464,1.0009657115774426,-8.025028457200134e-16,3.612579754996566e-15
2.52,1.2,5.799554582076597,0.8707837894860504,0.8448234186510266,0.2804824583087073,0.2721205334332905,4,1,0.23357795733404074,4.275284851814906,0.03876414677579524,0.1292552451814788,15941.269212773892,1.0016194849549522,-9.247437320876885e-16,3.465246223514399e-15
2.54,1.2,5.813494957614584,0.8692954273514154,0.8432993080243906,0.28067609440663294,0.2722825276019976,4,1,0.23417809396233447,4.275982571362291,0.03891742338101631,0.12931732362802,15951.528291905423,1.0022640819075965,-1.1745156098252584e-15,3.4349854315548147e-15
2.56,1.2,5.827262055380857,0.8678316849871623,0.8418004374848668,0.2808670422629523,0.27244222945781393,4,1,0.2347708141284331,4.276670491830916,0.03906903015388482,0.12937851367732683,15961.643694000726,1.0028996513658106,-1.0314841302110014e-15,3.4052485781975374e-15
2.58,1.2,5.840858029204503,0.8663920694646153,0.8403263015090696,0.2810553443466834,0.27259967670312607,4,1,0.23535620741610994,4.277348784431408,0.03921898192971695,0.12943882974074727,15971.617731812279,1.0035263386441187,-1.0192499264246388e-15,3.4885562453679708e-15
2.6,1.2,5.854285006142663,0.8649760998532807,0.8388764068132897,0.28124104217305185,0.27275490611425335,4,1,0.2359343625575523,4.278017614199221,0.03936729350272524,0.12949828594639964,15981.452663863145,1.0041442856497098,-7.554757122103811e-16,3.5704460634326274e-15
2.62,1.2,5.867545086813339,0.8635833069230472,0.8374502720614274,0.2814241763520617,0.2729079535944506,4,1,0.23650536740871014,4.278677140589516,0.03951397962419292,0.12955689614620852,15991.150697377085,1.004753631066543,-9.956273595506122e-16,3.09777908656083e-15
2.64,1.2,5.880640345724012,0.8622132328451994,0.8360474275695156,0.28160478663169497,0.273058854220764,4,1,0.2370693089301827,4.279327517987369,0.03965905500051437,0.12961467392272083,16000.71399087647,1.0053545105185788,-1.107247233675684e-15,2.084475758504843e-15
2.66,1.2,5.893572831596196,0.8608654308942039,0.8346674150091823,0.28178291193652205,0.2732076422856399,4,1,0.23762627317277168,4.2799688961463564,0.03980253429114203,0.12967163259571118,16010.144656496394,1.0059470567151791,-1.3379701361583713e-15,9.79190068410506e-16
2.68,1.2,5.906344567685959,0.8595394651518319,0.8333097871119558,0.28195859040237714,0.27335435133404623,4,1,0.23817634526697345,4.280601420566506,0.039944432106471764,0.12972778522858405,16019.444762055866,1.0065313995812442,-1.32297971768482e-15,0
2.7,1.2,5.918957552100456,0.8582349102148762,0.8319741073759408,0.28213185940766117,0.2734990141967482,4,1,0.23871960941578277,4.281225232820909,0.04008476300569436,0.12978314463457996,16028.616332920707,1.0071076663742613,-1.3083196504578618e-15,-9.63204954328628e-16
2.72,1.2,5.931413758110527,0.8569513509074287,0.8306599497760773,0.28230275560173906,0.2736416630202852,4,1,0.23925614889028896,4.281840470838836,0.040223541494635175,0.12983772338279376,16037.661353687541,1.0076759817901144,-9.41075749666972e-16,-2.016969337825343e-15
2.74,1.2,5.94371513445941,0.8556883819984902,0.8293668984789347,0.2824713149308344,0.27378232929410734,4,1,0.23978604602761652,4.282447269151923,0.04036078202360046,0.12989153380401103,16046.581769713614,1.008236468059204,-6.98153410142375e-16,-3.0538075115632615e-15
2.7600000000000002,1.2,5.955863605667622,0.8544456079254746,0.8280945475627798,0.2826375726617586,0.27392104387526484,4,1,0.24030938223083634,4.283045759109027,0.0404964989852456,0.12994458799637024,16055.379488513523,1.0087892450342069,-6.906633069317869e-16,-3.7607298877499745e-15
2.7800000000000002,1.2,5.967861072334031,0.8532226425240426,0.8268425007434753,0.28280156340376217,0.2740578370109794,4,1,0.24082623797052935,4.283636069064469,0.04063070671247683,0.12999689783085558,16064.05638104075,1.0093344302705973,-5.694427853707497e-16,-4.66375473956873e-15
2.8000000000000003,1.2,5.979709411433222,0.8520191087645533,0.8256103711066228,0.282963321128753,0.27419273835938107,4,1,0.2413366927877357,4.284218324543578,0.040763419476397285,0.13004847495662844,16072.614282869064,1.0098721391008767,-6.761525715170885e-16,-5.655442131583573e-15
2.82,1.2,5.991410476609128,0.850834638495351,0.82439778084625,0.28312287919008805,0.2743257770086483,4,1,0.2418408252980571,4.2847926483889704,0.04089465148430416,0.13009933080620137,16081.054995286817,1.0104024847033304,-4.460815019408666e-16,-6.631696230580254e-15
2.84,1.2,6.002966098465033,0.8496688721929866,0.8232043610102292,0.28328027034011655,0.2744569814947559,4,1,0.24233871319672523,4.285359160890347,0.04102441687774371,0.1301494766004617,16089.380286314961,1.0109255781659907,-2.207452796383426e-16,-7.694112856469626e-15
2.86,1.2,6.014378084849966,0.8485214587194357,0.8220297512525441,0.2834355267466231,0.2745863798180023,4,1,0.24283043326447074,4.285917979900211,0.04115272973062866,0.13019892335354907,16097.591891658209,1.0114415285464011,-4.3699264371178437e-16,-8.539323564361682e-15
2.88,1.2,6.025648221141537,0.8473920550863068,0.8208735995924565,0.28358868000830223,0.27471399945846636,4,1,0.2433160613740539,4.2864692209375646,0.04127960404742166,0.13024768187759272,16105.69151559728,1.0119504429276776,-3.2443872173709615e-16,-9.471379331712745e-15
2.9,1.2,6.036778270525255,0.8462803262259869,0.8197355621805652,0.2837397611693697,0.2748398673905157,4,1,0.24379567249734493,4.287012997281248,0.04140505376138705,0.13029576278731306,16113.680831828977,1.0124524264712917,-3.211986245821653e-16,-1.0488314044344136e-14
2.92,1.2,6.0477699742703654,0.8451859447696576,0.8186153030717163,0.28388880073341016,0.2749640100964794,4,1,0.24426934071284748,4.287549420054445,0.04152909273291302,0.13034317650449218,16121.561484260057,1.0129475824669512,-2.120148389867086e-16,-1.1391809975426019e-14
2.94,1.2,6.058625052002278,0.8441085908320536,0.8175124940046804,0.2840358286765354,0.2750864535795731,4,1,0.24473713921359155,4.28807859830151,0.04165173474790498,0.1303899332623181,16129.335087759675,1.0134360123798776,0,-1.218439711834667e-14
2.96,1.2,6.069345201971595,0.8430479518028539,0.8164268141884948,0.2841808744599284,0.2752072233761574,4,1,0.2451991403153162,4.288600639058215,0.041772993516250856,0.1304360431096071,16137.003228874892,1.0139178158957627,4.158044797378717e-16,-1.2965286657946247e-14
2.98,1.2,6.079932101319789,0.8420037221445456,0.8153579500953412,0.2843239670418285,0.2753263445673978,4,1,0.2456554154648882,4.289115647416274,0.041892882670357866,0.13048151591490773,16144.567466512752,1.014393090963625,6.177146453128559e-16,-1.3830782762933815e-14
3,1.2,6.09038740634161,0.8409756031966134,0.8143055952598183,0.2844651348890114,0.2754438417903842,4,1,0.24610603524890318,4.289623726582916,0.04201141576376128,0.13052636137049137,16152.029332592254,1.0148619338367737,6.118360016105263e-16,-1.4683691000055698e-14
3.02,1.2,6.100712752744179,0.8399633029858834,0.8132694500844574,0.28460440598780745,0.2755597392487607,4,1,0.24655106940242802,4.290124977936125,0.04212860626980322,0.13057058899623233,16159.390332668814,1.0153244391120455,8.08090140409939e-16,-1.5524284005629698e-14
3.04,1.2,6.110909755902917,0.8389665360428544,0.812249221651315,0.2847418078546981,0.2756740607229094,4,1,0.2469905868178469,4.290619501076103,0.042244467580381966,0.13061420814338187,16166.651946533766,1.0157806997674723,6.004063911204546e-16,-1.6352826599158702e-14
3.06,1.2,6.120980011114255,0.8379850232238405,0.8112446235394807,0.2848773675465227,0.2757868295797273,4,1,0.24742465555378168,4.291107393873425,0.042359013004769595,0.13065722799823917,16173.815628790806,1.0162308071984996,7.931325416898764e-16,-1.726288897486158e-14
3.08,1.2,6.13092509384521,0.8370184915387497,0.8102553756483217,0.28501111167032644,0.2758980687820266,4,1,0.2478533428440598,4.291588752514257,0.04247225576849697,0.13069965758572288,16180.88280941127,1.0166748512528765,5.893938053540886e-16,-1.7974782401144822e-14
3.1,1.2,6.14074655997987,0.8360666739843251,0.8092812040263021,0.2851430663928741,0.2760078008975913,4,1,0.24827671510670854,4.292063671543011,0.04258420901230496,0.13074150577284652,16187.854894269854,1.0171129202643152,3.893578970248981e-16,-1.8768688609524547e-14
3.12,1.2,6.150445946062803,0.8351293093826687,0.8083218407051928,0.2852732574498535,0.2761160481079115,4,1,0.24869483795295746,4.292532243902681,0.04269488579115991,0.13078278127210097,16194.73326566207,1.017545101085004,5.787758819473595e-16,-1.964289319927882e-14
3.14,1.2,6.16002476953946,0.8342061422248832,0.8073770235395128,0.2854017101547873,0.2762228322166214,4,1,0.24910777619623262,4.292994560973154,0.04280429907333216,0.13082349264474663,16201.519282804737,1.0179714791170549,5.736083633529143e-16,-2.0323538968913184e-14
3.16,1.2,6.169484528993547,0.8332969225196581,0.8064464960510266,0.28552844940767264,0.2763281746576573,4,1,0.24951559386112884,4.2934507126076795,0.042912461739535425,0.1308636483040187,16208.214282320556,1.0183921383429486,7.580424374064124e-16,-2.0994829602134234e-14
3.18,1.2,6.1788267043815095,0.8324014056466318,0.8055300072781253,0.28565349970336223,0.2764320965031547,4,1,0.24991835419235234,4.293900787167663,0.04301938658212629,0.1309032565182483,16214.819578707717,1.0188071613550422,1.1270877999869478e-15,-2.1835939767893753e-14
3.2,1.2,6.18805275726404,0.8315193522143745,0.8046273116299447,0.28577688513970373,0.2765346184711013,4,1,0.2503161196636198,4.294344871556,0.0431250863043609,0.13094232541390152,16221.336464795435,1.0192166293841913,7.448563800771902e-16,-2.257676114868052e-14
3.22,1.2,6.197164131034748,0.8306505279228277,0.8037381687450436,0.28589862942544797,0.27663576093275655,4,1,0.2507089519865097,4.29478305124903,0.04322957351970833,0.13098086297853984,16227.76621218615,1.0196206223275337,1.1076495351675839e-15,-2.3307605993081014e-14
3.24,1.2,6.206162251145976,0.8297947034300488,0.8028623433544997,0.28601875588793785,0.2767355439198539,4,1,0.25109691211925833,4.295215410327245,0.043332860751218005,0.13101887706370388,16234.110071685087,1.0200192187754789,9.15148678383092e-16,-2.4028674482089947e-14
3.2600000000000002,1.2,6.215048525331809,0.8289516542231137,0.8019996051492625,0.28613728748059014,0.2768339871315932,4,1,0.25148006027549424,4.2956420315048724,0.04343496043094002,0.13105637538772294,16240.3692737178,1.020412496037945,9.073892247025122e-16,-2.4653048232090932e-14
3.2800000000000002,1.2,6.223824343828299,0.828121160493031,0.8011497286516278,0.2862542467901769,0.27693110994143744,4,1,0.25185845593290734,4.296062996158398,0.043535884899396485,0.13109336553845297,16246.545028736306,1.0208005301698753,1.0797115027049672e-15,-2.5269180117453303e-14
3.3000000000000003,1.2,6.23249107959098,0.8273030070135288,0.8003124930906782,0.2863696560439173,0.2770269314037192,4,1,0.2522321578418487,4.296478384354122,0.04363564640510208,0.13112985497594454,16252.638527614228,1.021183395996066,1.4276104616935075e-15,-2.587723225967459e-14
3.3200000000000003,1.2,6.241050088509655,0.8264969830235782,0.7994876822815649,0.2864835371163871,0.27712147026006867,4,1,0.25260122403385926,4.296888274874808,0.0437342571041327,0.13116585103504386,16258.650942031565,1.0215611671353428,1.946729326998309e-15,-2.6648184249847784e-14
3.34,1.2,6.249502709620529,0.8257028821135253,0.7986750845084889,0.2865959115362528,0.27721474494566833,4,1,0.25296571183012173,4.297292745245497,0.04383172905973988,0.13120136092792806,16264.583424849397,1.0219339160241039,1.7552357099042304e-15,-2.7239440958858707e-14
3.36,1.2,6.257850265315681,0.8249205021147041,0.7978744924112592,0.2867068004928378,0.2773067735953432,4,1,0.25332567784983767,4.2976918717585155,0.043928074242009806,0.13123639174657714,16270.437110474953,1.0223017139392572,1.915047826665745e-15,-2.7823093702994595e-14
3.38,1.2,6.26609406154997,0.8241496449924081,0.7970857028752975,0.28681622484252606,0.2773975740494922,4,1,0.25368117801852486,4.298085729497763,0.04402330452756555,0.13127095046518475,16276.213115217499,1.022664631020583,2.072278636312355e-15,-2.8147967098486837e-14
3.4,1.2,6.274235388045333,0.8233901167421075,0.7963085169249796,0.286924205115011,0.277487163859868,4,1,0.2540322675762353,4.298474392362285,0.044117431699310594,0.1313050439425089,16281.912537635284,1.0230227362925313,2.0556829458947755e-15,-2.863519916730624e-14
3.42,1.2,6.282275518492569,0.8226417272887936,0.7955427396201852,0.2870307615193922,0.27757556029520886,4,1,0.254379001085693,4.298857933089182,0.04421046744621242,0.13133867892416534,16287.536458873945,1.0233760976854862,2.039349655165036e-15,-2.8785416831429457e-14
3.44,1.2,6.290215710750595,0.8219042903893484,0.7947881799559584,0.28713591395012844,0.2776627803467308,4,1,0.25472143244034895,4.299236423275907,0.04430242336312461,0.1313718620448645,16293.085942996606,1.0237247820565054,2.191878656100473e-15,-2.959133628981256e-14
3.46,1.2,6.298057207043246,0.8211776235378286,0.7940446507651608,0.28723968199284894,0.277748840733482,4,1,0.2550596148723557,4.299609933401947,0.0443933109506463,0.13140459983059427,16298.562037306025,1.024068855209562,2.3420201347954146e-15,-3.055058605318706e-14
3.48,1.2,6.305801234153609,0.8204615478735672,0.793311968624022,0.2873420849300295,0.27783375790756737,4,1,0.25539360096045843,4.299978532849951,0.04448314161501724,0.13143689870074962,16303.96577265904,1.0244083819153016,2.1578521726158203e-15,-3.117323628826882e-14
3.5,1.2,6.31344900361596,0.8197558880919946,0.7925899537604827,0.28744314174653685,0.2779175480592444,4,1,0.25572344263780483,4.300342289926297,0.04457192666804737,0.13146876497021145,16309.298163773503,1.024743425930327,2.3059401643718006e-15,-3.162686219482776e-14
3.52,1.2,6.3210017119052875,0.8190604723580885,0.7918784299652393,0.28754287113504534,0.278000227121897,4,1,0.25604919119966957,4.30070127188116,0.0446596773270795,0.13150020485137517,16314.560209528048,1.0250740500160336,2.2883118807307597e-15,-3.239568898893045e-14
3.54,1.2,6.328460540624502,0.8183751322223554,0.7911772245053934,0.2876412915013308,0.2780818107768904,4,1,0.2563708973111008,4.30105554492806,0.044746404714984214,0.13153122445613138,16319.752893254827,1.0254003159570029,2.270949797859242e-15,-3.2995769217428894e-14
3.56,1.2,6.335826656689276,0.8176997025392684,0.790486168040622,0.2877384209694442,0.27816231445831097,4,1,0.2566886110144793,4.301405174262946,0.04483211986018507,0.13156182979779935,16324.877183025512,1.0257222845789717,2.4148370860585193e-15,-3.3430161494993013e-14
3.58,1.2,6.343101212510613,0.8170340213880685,0.7898050945417794,0.2878342773867692,0.2782417533575938,4,1,0.25700238173699924,4.301750224082808,0.0449168336967135,0.131592026793015,16329.934031930685,1.0260400157663878,2.3967862888604627e-15,-3.385933624655044e-14
3.6,1.2,6.3502853461751405,0.8163779299958542,0.7891338412118506,0.2879288783289671,0.27832014242804337,4,1,0.25731225829806537,4.302090757603851,0.04500055706429218,0.13162182126357463,16334.924378352876,1.0263535684795644,2.696202360905569e-15,-3.4596477204665603e-14
3.62,1.2,6.357380181623155,0.8157312726628833,0.7884722484091793,0.2880222411048124,0.2783974963892486,4,1,0.25761828891660904,4.302426837079245,0.045083300708445365,0.1316512189382358,16339.849146233468,1.0266630007714503,2.518910530025786e-15,-3.532486937672477e-14
3.64,1.2,6.364386828824469,0.8150938966900074,0.7878201595728883,0.28811438276092177,0.2784738297313965,4,1,0.2579205212183235,4.302758523816446,0.04516507528063566,0.1316802254544761,16344.709245333503,1.0269683698040182,2.344210227620236e-15,-3.573527130847543e-14
3.66,1.2,6.371306383952051,0.8144656523081755,0.7871774211504261,0.2882053200863795,0.27854915671948716,4,1,0.25821900224281896,4.303085878194133,0.04524589133842566,0.13170884636021146,16349.505571488735,1.027269731864288,2.327191386286216e-15,-3.614085950102949e-14
3.68,1.2,6.378139929553528,0.8138463926099312,0.7865438825271643,0.28829506961726303,0.27862349139745285,4,1,0.2585137784506962,4.3034089596787535,0.04532575934566386,0.13173708711547505,16354.239006859005,1.0275671423799977,2.3104167414832805e-15,-3.6847506589913015e-14
3.7,1.2,6.384888534720549,0.8132359734828433,0.7859193959579798,0.2883836476410712,0.27869684759218427,4,1,0.25880489573054183,4.303727826840697,0.04540468967269361,0.13176495309405772,16358.910420172137,1.0278606559349261,2.1409556829017558e-15,-3.739395333377377e-14
3.72,1.2,6.391553255256034,0.8126342535447989,0.7853038165007583,0.2884710702010559,0.27876923891746686,4,1,0.2590923994058456,4.304042537370099,0.045482692596584134,0.1317924495851112,16363.520666962433,1.0281503262838787,1.973902121178575e-15,-3.793410144225355e-14
3.74,1.2,6.3981351338393555,0.8120410940811077,0.784697001951752,0.2885573531004627,0.278840678777828,4,1,0.2593763342418363,4.304353148092297,0.04555977830138285,0.13181958179471479,16368.070589803994,1.0284362063673478,2.1107395592392964e-15,-3.846805919344176e-14
3.7600000000000002,1.2,6.404635200189467,0.8114563589833481,0.7840988127827334,0.28864251190668144,0.2789111803723006,4,1,0.2596567444522436,4.304659714982963,0.045635956878387965,0.13184635484740714,16372.56101853904,1.0287183483258575,2.545079303928825e-15,-3.884652269505699e-14
3.7800000000000002,1.2,6.411054471225987,0.8108799146899083,0.7835091120798893,0.28872656195530877,0.2789807566981022,4,1,0.2599336737059791,4.304962293182869,0.04571123832644049,0.13187277378768336,16376.992770501209,1.0289968035139951,2.527366584394089e-15,-3.951782446771486e-14
3.8000000000000003,1.2,6.417393951228318,0.8103116301281552,0.7829277654843917,0.2888095183541255,0.2790494205542345,4,1,0.26020716513374526,4.305260937012371,0.04578563255223496,0.1318988435814589,16381.36665073416,1.0292716225141456,2.6575386478247465e-15,-3.988611015183811e-14
3.8200000000000003,1.2,6.423654631992736,0.8097513766581964,0.7823546411346,0.28889139598699165,0.2791171845450035,4,1,0.2604772613345634,4.305555699985559,0.04585914937064781,0.13192456911750097,16385.683452205478,1.0295428551499315,2.4926674028010944e-15,-4.0250269680229875e-14
3.84,1.2,6.429837492987574,0.8091990280181642,0.7817896096098372,0.2889722095176599,0.2791840610834647,4,1,0.2607440043822316,4.30584663482411,0.04593179850508282,0.13194995520882816,16389.94395601604,1.0298105504993684,2.330043396336089e-15,-4.061037200881576e-14
3.86,1.2,6.435943501506445,0.8086544602709901,0.7812325438756909,0.2890519733935108,0.27925006239479216,4,1,0.2610074358317037,4.306133793470842,0.046003589587832634,0.1319750065940795,16394.148931605,1.0300747569077446,2.3142625984048505e-15,-4.1402298231110713e-14
3.88,1.2,6.441973612819586,0.8081175517526088,0.7806833192307882,0.2891307018492109,0.2793152005195767,4,1,0.26126759672539857,4.306417227102996,0.046074532160456164,0.1319997279388536,16398.299136950427,1.0303355220002262,2.586029841366099e-15,-4.1752085949269405e-14
3.9,1.2,6.447928770323296,0.807588183021559,0.7801418132550046,0.28920840891029664,0.27937948731705314,4,1,0.26152452759943257,4.306696986145221,0.04614463567417013,0.13202412383701823,16402.395318765808,1.0305928926942056,2.8541637128329864e-15,-4.2098040644957585e-14
3.92,1.2,6.453809905687529,0.807066236809927,0.7796079057590557,0.2892851083966847,0.2794429344682589,4,1,0.2617782684897819,4.306973120282309,0.04621390949025528,0.13204819881199192,16406.438212692436,1.0308469152113884,2.835214793994272e-15,-4.258312135944291e-14
3.94,1.2,6.4596179390016575,0.8065515979755956,0.7790814787354292,0.2893608139261123,0.2795055534791267,4,1,0.2620288589383729,4.307245678471648,0.04628236288047561,0.13207195731799803,16410.42854348784,1.031097635089633,2.8165147465724854e-15,-4.292082218173653e-14
3.96,1.2,6.465353778918418,0.8060441534557574,0.7785624163106173,0.28943553891750695,0.27956735568351054,4,1,0.26227633799910033,4.307514708955422,0.04635000502751057,0.13209540374129133,16414.367025210333,1.0313450971945466,3.0778645841586903e-15,-4.3396238099298294e-14
3.98,1.2,6.471018322796063,0.8055437922216515,0.7780506046986083,0.28950929659428976,0.2796283522461506,4,1,0.26252074424377686,4.307780259272579,0.04641684502539918,0.13211854240135876,16418.254361399795,1.0315893457308436,3.3358103527626646e-15,-4.4007154007228574e-14
4,1.2,6.476612456838747,0.8050504052344897,0.7775459321556003,0.28958209998761264,0.27968855416557475,0,0,0.2627621157680111,1.9243318437710906,0.04648289187999581,0.29582769520541446,16422.091245254775,1.0318304242534733,3.3142318548334564e-15,-4.4471705790156916e-14
4.0200000000000005,1.1839999999999995,6.460651881764764,0.7635304862930458,0.730459787985918,0.27397027923377604,0.262103839566582,0,0,0.2769482969423904,1.8301260592970023,0.045045525079897036,0.292916499427519,15464.450923180855,0.9716601082412974,3.5889857391272776e-15,-4.457306135070132e-14
4.04,1.168,6.444889695383858,0.7246049088494817,0.6863016460862043,0.2593686550771239,0.24565819627861663,0,0,0.29152019465333234,1.7414820649195863,0.043668411561111876,0.2899983074927966,14568.811818702905,0.9153854436233841,3.173538600737535e-15,-4.453487435879414e-14
4.0600000000000005,1.1519999999999995,6.429323431740176,0.6881923974046775,0.6449111296740845,0.24574001124948944,0.2302851191886086,0,0,0.30639030560161457,1.6582030706662105,0.0423517406199411,0.28707287958817196,13732.181819063442,0.8628184304105807,3.034218190849675e-15,-4.4773368137072806e-14
4.08,1.136,6.413950655529505,0.6542025172518735,0.6061393441036285,0.23304433740837682,0.21592295672777573,0,0,0.32145724173876955,1.5800920018501856,0.041095390878299755,0.2841399700842994,12951.628222267382,0.8137748015020289,3.308521865017095e-15,-4.500998350924199e-14
4.1,1.1200000000000003,6.398768961718264,0.6225370738707646,0.569846902610825,0.22123935261592317,0.2025141395032482,0,0,0.33660695317176176,1.5069505900684916,0.039898930117248294,0.28119932724530244,12224.270586067798,0.7680735733736879,3.4447031205681258e-15,-4.524474258008541e-14
4.12,1.1039999999999999,6.3837759751672545,0.5930912938547093,0.53590229918682,0.2102809432131482,0.19000454417512516,0,0,0.35171483824870975,1.4385785824530557,0.038761612152648534,0.27825069292058335,11547.275008967188,0.7255366867430467,3.580671986132874e-15,-4.547766710890788e-14
4.14,1.0880000000000003,6.36896935026007,0.565754887119713,0.5041805735019385,0.20012355197107978,0.17834297060641038,0,0,0.3666487316282353,1.3747731315749616,0.03768237404472408,0.27529380221732513,10917.850273324195,0.6859887642333722,3.578775017573464e-15,-4.570877851625844e-14
4.16,1.0719999999999998,6.354346770536136,0.5404130708980689,0.4745622261925695,0.1907205478865955,0.16748071551141447,0,0,0.3812726659831369,1.3153284253806279,0.0366598367501588,0.27232838315218055,10333.246213855835,0.6492570078636808,3.576801831380284e-15,-4.5938097890497144e-14
4.18,1.0560000000000003,6.339905948328297,0.516947614579333,0.44693235299557127,0.1820245978821814,0.1573712297729759,0,0,0.39545120243499765,1.2600356064367015,0.035692311907430704,0.26935415628050907,9790.75455470771,0.615171251643411,3.437264078440472e-15,-4.603065872522073e-14
4.2,1.0399999999999998,6.325644624404917,0.4952379410265617,0.4211799734009475,0.17398805304268186,0.14796984940349925,0,0,0.40905403603554946,1.2086830125025714,0.03477781676801875,0.2663708343013518,9287.712290328707,0.583564173999046,3.435227275028964e-15,-4.6391443270473726e-14
4.22,1.0240000000000002,6.311560567616439,0.4751622957505276,0.3971975339569756,0.16656335329842106,0.1392335919103991,0,0,0.4219605238598754,1.1610567472693964,0.03391409837687276,0.26337812163617447,8821.507485239308,0.5542716621843037,3.707775605834846e-15,-4.661550984898174e-14
4.24,1.0079999999999998,6.297651574546314,0.45659897226284235,0.3748805684645803,0.15970344633533162,0.131121010744364,0,0,0.4340637691848173,1.116941563539722,0.03309866705113179,0.2603757139791969,8389.587159764718,0.527133307755362,4.117155538979351e-15,-4.6837865552022784e-14
4.26,0.9920000000000001,6.28391546916629,0.43942756244264847,0.35412749753226413,0.15336220979377618,0.1235921007512501,0,0,0.44527393228026485,1.0761220146550825,0.032328838137245554,0.25736329781692585,7989.466741971144,0.5019930004535306,4.114492730570517e-15,-4.679266249976157e-14
4.28,0.9759999999999998,6.270350102495976,0.4235301870625233,0.3348395489430802,0.1474948612453651,0.11660824734443194,0,0,0.45552052227592266,1.038383807374957,0.03160178009225145,0.2543405499142479,7618.740428256789,0.4786995791803817,3.837650248063636e-15,-4.701266205089297e-14
4.3,0.9600000000000002,6.256953352266636,0.4087926552083398,0.31692077869171065,0.1420583384747196,0.11013221171039342,0,0,0.4647535408576922,1.0035152739086786,0.03091456626790643,0.2513071367641812,7275.0917267842815,0.4571074944611477,3.698089143677653e-15,-4.709907063250213e-14
4.32,0.9439999999999997,6.243723122589167,0.3951055025392258,0.3002781710458592,0.13701163330141997,0.1041281439902797,0,0,0.47294347604923026,0.9713088744110802,0.030264227462391106,0.2482627139980642,6956.303467698318,0.4370774374052448,3.69554275209729e-15,-4.7447697489713806e-14
4.34,0.9280000000000002,6.230657343626205,0.3823648662789648,0.2848217951241755,0.13231606519152572,0.09856161623417192,0,0,0.4800802608287575,0.9415626443545624,0.029647802363389618,0.2452069257526284,6660.266646812609,0.4184768953715124,3.556181792849811e-15,-4.766277056786443e-14
4.36,0.9119999999999997,6.217753971268298,0.37047316761446125,0.27046499562925364,0.12793548552668096,0.09339966712463614,0,0,0.4861713990341169,0.9140815125672688,0.029062383392272996,0.24213940399000103,6384.987608449994,0.40118060327936733,3.4169822178970007e-15,-4.7876238216130775e-14
4.38,0.8960000000000001,6.205010986814117,0.35933958736014016,0.2571245966721106,0.12383640875058138,0.08861085105383486,0,0,0.4912395102144182,0.8886784329688537,0.028505156075779362,0.23905976776625798,6128.593244459862,0.3850708702727028,3.414534113849461e-15,-4.795815045604293e-14
4.4,0.8799999999999997,6.192426396654634,0.34888033588244394,0.24472110000192396,0.11998807184474708,0.08416528508173224,0,0,0.4953195550526116,0.8651752931707407,0.02797343079945715,0.2359676224436405,5889.334064582816,0.3700377726365898,3.685031725930405e-15,-4.816894218966984e-14
4.42,0.8640000000000001,6.17999823196122,0.33901873136942706,0.23317886217144904,0.11636242801944909,0.08003468851258044,0,0,0.49845598029461596,0.8434035832532951,0.027464666520738194,0.23286255884099863,5665.585156135639,0.35597921409606215,3.9551174915885804e-15,-4.8120160926050074e-14
4.44,0.8479999999999996,6.167724548377634,0.3296851103017453,0.2224262388860099,0.11293408372439834,0.07619241118249158,0,0,0.5006999775730945,0.8232048258901775,0.02697648664834772,0.22974415231637743,5455.845182949465,0.3428008629175461,3.952226339930746e-15,-4.8328806557778487e-14
4.46,0.8320000000000001,6.155603425715826,0.3208165999371784,0.21239568863939431,0.10968018994515057,0.07261344792651477,0,0,0.5021069957973678,0.8044307831053782,0.026506687773851963,0.22661196177494536,5258.7336668725375,0.3304159811006416,3.676961161698538e-15,-4.84078601475735e-14
4.48,0.8159999999999996,6.143632967655539,0.3123567849297461,0.20302383140760655,0.1065802993414195,0.06927443797877286,0,0,0.5027345919213039,0.7869434647309632,0.026053242251265218,0.22346552859462757,5072.986849249024,0.3187451643471673,3.674261625109056e-15,-4.848633656077838e-14
4.5,0.8,6.131811301447619,0.30425529948765256,0.19425146140253158,0.10361620033998196,0.0661536491719705,0,0,0.5026406568922478,0.770614969207028,0.025614295771321564,0.22030437546087078,4897.452449091514,0.3077160127074248,3.943532188208093e-15,-4.881850514304068e-14
4.5200000000000005,0.7839999999999996,6.120136577621044,0.2964673735737189,0.18602351552720353,0.10077173812385225,0.06323094769456782,0,0,0.5018820161353127,0.7553271893334601,0.025188161096198366,0.21712800510086835,4731.083626615686,0.2972627512978959,4.212410157219117e-15,-4.889492453613718e-14
4.54,0.768,6.108606969693568,0.2889533574342881,0.17828900115854246,0.09803263086822724,0.060487754818405584,0,0,0.5005133779773394,0.7409714147882743,0.024773309044226827,0.21393589890634115,4572.932433784559,0.2873258187868013,4.209331282631461e-15,-4.88445786478039e-14
4.5600000000000005,0.7519999999999996,6.097220673885978,0.28167824396578767,0.17100088822330808,0.09538628782591857,0.057906992435444636,0,0,0.4985865879927288,0.7274478605545646,0.02436835767853266,0.21072751543251664,4422.142995375803,0.27785143894792375,4.34195288499523e-15,-4.9046113579807485e-14
4.58,0.736,6.0859759088398935,0.2746112036735853,0.16411597129322744,0.0928216341587499,0.05547301946607782,0,0,0.49615014035972105,0.7146651466425384,0.023972060489609648,0.20750228875930035,4277.94462132075,0.2687911878961048,4.338807853683436e-15,-4.937151187089996e-14
4.6000000000000005,0.7199999999999995,6.074870915339076,0.2677251426351706,0.15759470770164846,0.090328945876085,0.053171561259519766,0,0,0.493248896627428,0.7025397502918369,0.023583294193073066,0.20425962669869466,4139.645008448115,0.26010156694020514,4.606664340272149e-15,-4.956972455733705e-14
4.62,0.704,6.063903956034213,0.26099629016656334,0.1514010375847145,0.08789969694615032,0.05098963403861455,0,0,0.4899239656311645,0.6909954476520817,0.0232010466060584,0.2009989088302881,4006.623650426982,0.25174358851761053,4.332584305932769e-15,-4.951769350552815e-14
4.64,0.6880000000000003,6.0530733151711,0.25440381988932964,0.14550219138103335,0.08552641961229843,0.04891546628496657,0,0,0.4862127038621008,0.6799627580625635,0.02282440492794361,0.19771948434401604,3878.3255403762764,0.24368238051751553,4.735402634977516e-15,-4.946603155717974e-14
4.66,0.6719999999999999,6.0423772983222275,0.24792950559323576,0.13986848978003147,0.08320257816506915,0.046938418748941134,0,0,0.4821488020665285,0.6693784006471915,0.022452544637071192,0.19442066966633956,3754.255221972486,0.23588681250099763,4.7320725539898864e-15,-4.966180847258787e-14
4.68,0.6560000000000002,6.031814232121685,0.24155741161640784,0.13447314046962436,0.0809224558632263,0.045048904530087516,0,0,0.47776243032586596,0.659184770071163,0.022084719125093293,0.19110174584239017,3633.971221905274,0.22832914588188669,4.863883930408018e-15,-4.985620634748382e-14
4.7,0.6399999999999999,6.0213824640033655,0.235273616322545,0.12929203536008393,0.078681054325564,0.043238310427817825,0,0,0.4730804198167011,0.6493294359672531,0.02172025012241726,0.1877619556423905,3517.080878728667,0.2209847090139023,4.995544531589602e-15,-4.9926569996393316e-14
4.72,0.6240000000000002,6.011080361942437,0.22906596653730335,0.12430355129803619,0.07647400449122456,0.041498920524682716,0,0,0.46812646460368534,0.6397646686878565,0.021358518918813935,0.18440050035564984,3403.2355698410834,0.21383159729296444,4.992136756339173e-15,-5.011868216312207e-14
4.74,0.6079999999999999,6.000906314200001,0.22292386041292936,0.11948835666286212,0.07429748813330549,0.03982384274515405,0,0,0.4629213310917891,0.6304469926095109,0.020998958349035576,0.18101653622946937,3292.126328738634,0.2068503977810966,5.123601862570104e-15,-5.030945525217302e-14
4.76,0.5920000000000002,5.990858729070947,0.21683805603361891,0.1148292256759801,0.07214816887737699,0.038206938937160415,0,0,0.4574830661855328,0.621336767138133,0.020641045490850937,0.17760917050318975,3183.479838085229,0.20002393744359562,4.715962962639186e-15,-5.0377511621294513e-14
4.78,0.5759999999999998,5.980936034634936,0.21080050308135045,0.11031086176098995,0.07002313169768586,0.03664275885429985,0,0,0.451827197858445,0.6123977947662441,0.020284295009193577,0.17417745697908776,3077.054779868738,0.19333705382257974,4.847514031876221e-15,-5.044509690135683e-14
4.8,0.5600000000000002,5.971136678510474,0.20480419499599017,0.10591973087217074,0.06791982991944384,0.03512647827400192,0,0,0.4459669238391347,0.6035969549546893,0.019928253072567268,0.17072039106158382,2972.6385214018783,0.18677638681228334,4.8443677362125824e-15,-5.063277018155483e-14
4.82,0.5439999999999998,5.9614591276120485,0.19884303924123461,0.10164390535848045,0.06583603883089956,0.03365384136975862,0,0,0.4399132855865254,0.5949038621960621,0.019572491764379453,0.16723690418380469,2870.044114719148,0.18033019012560597,4.975746744496797e-15,-5.0699013467532756e-14
4.84,0.5280000000000001,5.951901867910276,0.19291174349827517,0.09747291864524521,0.06376981509329349,0.03222110736180508,0,0,0.43367532576272466,0.5862905463186412,0.019216603910842844,0.1637258575254747,2769.107586651765,0.17398816102449893,4.703818471085193e-15,-5.0764802926801e-14
4.86,0.5119999999999998,5.942463404195045,0.18700571583032377,0.09339763078977395,0.061719461223080634,0.030825001397750455,0,0,0.427260228108592,0.5777311528697275,0.018860198247227632,0.16018603490765698,2669.68549724925,0.16774128691106918,4.835207373685537e-15,-5.0710823622133685e-14
4.88,0.4960000000000001,5.933142259841581,0.18112097707907895,0.0894101047931515,0.059683494504308654,0.029462669559925356,0,0,0.42067343905839477,0.5692016612433339,0.018502894844578337,0.15661613472720345,2571.652745046222,0.16158170742842476,4.698021236298325e-15,-5.0776125250754966e-14
4.9,0.47999999999999976,5.923936976579445,0.17525408396006903,0.08550349342138858,0.05766061976698573,0.02813163785696986,0,0,0.41391877065248933,0.5606796180618887,0.01814432071874658,0.15301476076572076,2474.9005987894816,0.15550259079044032,4.4268981310444934e-15,-5.084098405450443e-14
4.92,0.4640000000000001,5.914846114264382,0.16940206151271717,0.08167193619829795,0.05564970553820619,0.026829775030980038,0,0,0.4069984843619899,0.552143883160284,0.017784105542071344,0.1493804116729533,2379.334936530753,0.14949802314069102,4.156141895085289e-15,-5.0905404522502174e-14
4.94,0.44799999999999973,5.905868250653018,0.16356234373076917,0.07791046617394767,0.053649763136179286,0.025555258996177412,0,0,0.3999133553532739,0.5435743853299246,0.01742187737464269,0.14571146888071795,2284.8746743758406,0.14356290982785025,4.4217096230321745e-15,-5.1087103302987076e-14
4.96,0.43200000000000005,5.897001981180353,0.15773272134901367,0.07421492604117592,0.051659928333159064,0.024306546718702273,0,0,0.3926627165068343,0.5349518847359793,0.017057258326162488,0.14200618264828416,2191.450368608558,0.1376928875745458,4.2852728656639296e-15,-5.11502652284546e-14
4.98,0.4159999999999997,5.888245918740015,0.15191129589369698,0.07058189316419777,0.04967944526198576,0.023082347348230208,0,0,0.3852444811652475,0.5262577385953036,0.016689860050199044,0.13826265586978925,2099.002976344764,0.13188424660695644,4.0151954871958585e-15,-5.1329929238091267e-14
5,0.4,5.879598693467263,0.1460964392179984,0.06700861309450482,0.04770765228309123,0.02188159841948424,0,0,0.3776551431073715,0.5174736662616138,0.01631927895914223,0.1344788251841089,2007.482761300187,0.1261338619021764,3.7454604842786126e-15,-5.150839521639982e-14
